preset,n_atoms,t_short,t_mid,t_long,t_total
6,100000,4.147020479,3.377022961,1.407554231,8.931597671
