preset,n_atoms,t_short,t_long,t_total
6,100000,11.523485007,8.725766136,20.249251143000002
