extra_pad_ratio,M_mid,error,error_rel
30,22,1.1937117960769683e-12,4.0735024100642795e-15
