preset,n_atoms,t_short,t_long,t_total
2,1000,0.002622841,0.003176051,0.005798892
2,3164,0.008514286,0.009145457,0.017659743
2,10000,0.02723678,0.029757677,0.056994457
2,31624,0.087625532,0.085403447,0.173028979
2,100000,0.280269727,0.262598888,0.5428686149999999
4,1000,0.004545504,0.024596428,0.029141932
4,3164,0.014660816,0.062187966,0.076848782
4,10000,0.046710439,0.189654323,0.236364762
4,31624,0.14859772,0.599626191,0.748223911
4,100000,0.471867968,2.10395243,2.5758203980000003
