preset,E_ewald,E_fssog,abs_err,rel_err
1,4.907563256236145,4.8622332021001355,0.04533005413600932,0.009236774294943108
2,4.907563256236145,4.906555413582566,0.0010078426535784502,0.0002053651885786216
3,4.907563256236145,4.907757783539886,0.00019452730374069915,3.963826721815744e-5
4,4.907563256236145,4.9075628558293545,4.0040679039066163e-7,8.158973598187577e-8
5,4.907563256236145,4.907563256311313,7.5168316016061e-11,1.5316830795923623e-11
6,4.907563256236145,4.907563256246235,1.0089706847793423e-11,2.0559504424058553e-12
