n_atoms,energy_ewald,energy_fssog,error,error_rel
1000,-9.562614064,-9.562614064,2.06E-13,2.15E-14
3164,4.907563256,4.907563256,2.60E-12,5.30E-13
10000,-45.93702871,-45.93702871,1.14E-11,2.47E-13
31624,24.46954539,24.46954539,1.47E-10,6.00E-12
100000,-223.7632824,-223.7632824,1.42E-10,6.36E-13
