n_atoms,energy_ewald,energy_fssog,error,error_rel
1000,-9.562614064,-9.562612537,1.53E-06,1.60E-07
3164,4.907563256,4.907558582,4.67E-06,9.53E-07
10000,-45.93702871,-45.93703111,2.40E-06,5.23E-08
31624,24.46954539,24.46955017,4.78E-06,1.95E-07
100000,-223.7632824,-223.7632869,4.44E-06,1.98E-08
