n_atoms,energy_ewald,energy_fssog,error,error_rel
1000,-9.562614063504487,-9.562614063504071,4.902744876744691e-13,5.126992310037769e-14
3164,4.907563256236145,4.907563256246036,7.361222742474638e-12,1.4999751115009636e-12
10000,-45.93702871007848,-45.93702871006161,2.8620661396416835e-11,6.2304119791993e-13
31624,24.46954538787901,24.469545388027427,9.208633855450898e-12,3.7633040211499294e-13
100000,-223.76328241182813,-223.76328241197052,4.547473508864641e-12,2.0322697539322813e-14
