n_atoms,energy_ewald,energy_fssog,error,error_rel
1000,-9.562614064,-9.564260178,0.001646115,0.000172141
3164,4.907563256,4.882888717,0.024674539,0.00502786
10000,-45.93702871,-45.96638845,0.02935974,0.00063913
31624,24.46954539,24.4620154,0.007529989,0.000307729
100000,-223.7632824,-223.714142,0.049140454,0.000219609
