n_atoms,energy_ewald,energy_fssog,error,error_rel
1000,-3.2035083271508613,-3.203508327150562,2.993161274389422e-13,9.343385341069122e-14
3164,-4.450208637646073,-4.450208637669064,2.2991386572357442e-11,5.1663614999674894e-12
10000,-12.317981930995163,-12.317981930981176,1.3987033753437572e-11,1.1354971806089966e-12
31624,-6.188544059138941,-6.188544059197966,5.902478505959152e-11,9.53774983187307e-12
100000,-65.67375399603014,-65.67375399587945,1.5069190340000205e-10,2.2945529108799092e-12
