n_atoms,energy_ewald,energy_fssog,error,error_rel
1000,-9.562614063504487,-9.562613120159583,9.433449044138342e-7,9.864927081121992e-8
3164,4.907563256236145,4.907562779779191,4.7645695389064713e-7,9.70862582943181e-8
10000,-45.93702871007848,-45.9370270328818,1.677196678429027e-6,3.651077846184366e-8
31624,24.46954538787901,24.469559051860813,1.3663981803802017e-5,5.584076690926376e-7
100000,-223.76328241182813,-223.76328480784605,2.3960179191817588e-6,1.0707824328264794e-8
