n_atoms,energy_ewald,energy_fssog,error,error_rel
1000,-10.678361090503806,-10.678360906900105,1.8360370113157387e-7,1.7193996304812297e-8
3164,-14.834028792154413,-14.834025288854534,3.503299879525912e-6,2.361664473361934e-7
10000,-41.05993976998465,-41.05993832294655,1.4470381017872569e-6,3.5242090219651526e-8
31624,-20.628480196981968,-20.628491210258233,1.1013276264293381e-5,5.338869446089716e-7
100000,-218.91251331880585,-218.91247147137005,4.184743579571659e-5,1.9116054702077944e-7
