n_atoms,energy_ewald,energy_fssog,error,error_rel
1000,-9.562614063504487,-9.56261253716902,1.5263354669059481e-6,1.5961487693319914e-7
3164,4.907563256236145,4.90755858040751,4.675828634503887e-6,9.527801049863621e-7
10000,-45.93702871007848,-45.937031186109365,2.4760308861004887e-6,5.3900545064144585e-8
31624,24.46954538787901,24.469550168741534,4.7808625254219805e-6,1.953801122839896e-7
100000,-223.76328241182813,-223.76328691856565,4.506737525389326e-6,2.014064808494738e-8
