n_atoms,energy_ewald,energy_fssog,error,error_rel
1000,-9.562614063504487,-9.56294986655956,0.00033580305507285857,3.5116240480146925e-5
3164,4.907563256236145,4.9074870219112015,7.623432494341387e-5,1.5534048358223666e-5
10000,-45.93702871007848,-45.93193075979161,0.005097950286867103,0.00011097692711127885
31624,24.46954538787901,24.477600945464303,0.008055557585294082,0.0003292074886395071
100000,-223.76328241182813,-223.75350486297918,0.009777548848944662,4.369594843066988e-5
