n_atoms,energy_ewald,energy_fssog,error,error_rel
1000,-10.678361090503806,-10.678361090510954,7.148059921746608e-12,6.69396723070484e-13
3164,-14.834028792154413,-14.834028792131939,2.247446673209197e-11,1.5150615552248703e-12
10000,-41.05993976998465,-41.05993976998326,1.3926637620897964e-12,3.391782281930797e-14
31624,-20.628480196981968,-20.628480196799615,1.823536877054721e-10,8.83989930252599e-12
100000,-218.91251331880585,-218.91251331842022,3.8562575355172157e-10,1.7615518990005313e-12
