n_atoms,energy_ewald,energy_fssog,error,error_rel
1000,-9.562614063504487,-9.562613066845767,9.966587199983223e-7,1.0422450528481005e-7
3164,4.907563256236145,4.907562733565591,5.22670553948501e-7,1.0650307019157266e-7
10000,-45.93702871007848,-45.937027901975696,8.081027829121012e-7,1.759153357550105e-8
31624,24.46954538787901,24.46955813903304,1.2751154031320766e-5,5.211030212942596e-7
100000,-223.76328241182813,-223.7632843455549,1.933726764491439e-6,8.641841251383172e-9
