n_atoms,energy_ewald,energy_fssog,error,error_rel
1000,-9.562614063504487,-9.562613085557386,9.779471010773477e-7,1.0226775801918662e-7
3164,4.907563256236145,4.907561378432959,1.8778031858346367e-6,3.826345352652301e-7
10000,-45.93702871007848,-45.93702595372278,2.7563556983523085e-6,6.000291650878086e-8
31624,24.46954538787901,24.46955628984864,1.0901969631049724e-5,4.455321689977132e-7
100000,-223.76328241182813,-223.76328333331367,9.214855367645214e-7,4.118126650772673e-9
