n_atoms,energy_ewald,energy_fssog,error,error_rel
1000,-9.562614063504487,-9.562614063504327,1.5987211554602254e-13,1.67184531849059e-14
3164,4.907563256236145,4.907563256243122,6.977529665164184e-12,1.4217910805933452e-12
10000,-45.93702871007848,-45.937028710057064,2.141575805580942e-11,4.661981555439796e-13
31624,24.46954538787901,24.469545388027996,1.489866008341778e-10,6.08865422191204e-12
100000,-223.76328241182813,-223.76328241205874,2.3061375031829812e-10,1.0306147989635848e-12
