n_atoms,energy_ewald,energy_fssog,error,error_rel
1000,-9.562614064,-9.562614064,1.21E-13,1.26E-14
3164,4.907563256,4.907563256,5.68E-14,1.16E-14
10000,-45.93702871,-45.93702871,1.63E-11,3.55E-13
31624,24.46954539,24.46954539,1.75E-10,7.15E-12
100000,-223.7632824,-223.7632824,2.03E-10,9.09E-13
