n_atoms,energy_ewald,energy_fssog,error,error_rel
1000,-10.678361090503806,-10.678451039757377,8.994925357086458e-5,8.423507391116024e-6
3164,-14.834028792154413,-14.844325703703348,0.010296911548934418,0.0006941412675685491
10000,-41.05993976998465,-41.04251703823,0.01742273175464959,0.0004243243378400139
31624,-20.628480196981968,-20.609531779366307,0.01894841761566113,0.0009185561628739552
100000,-218.91251331880585,-218.97745684428526,0.06494352547940707,0.0002966642906558236
