n_atoms,energy_ewald,energy_fssog,error,error_rel
1000,-3.2035083271508613,-3.204982976902599,0.0014746497517377222,0.000460323370861735
3164,-4.450208637646073,-4.452963328980712,0.0027546913346387925,0.0006190027387335888
10000,-12.317981930995163,-12.326823874354645,0.008841943359481519,0.000717807787754011
31624,-6.188544059138941,-6.189488869978163,0.0009448108392220433,0.00015267094007786737
100000,-65.67375399603014,-65.70205528054635,0.028301284516203395,0.0004309375175646904
