n_atoms,energy_ewald,energy_fssog,error,error_rel
1000,-9.562614063504487,-9.563497249817669,0.0008831863131817386,9.235825134388727e-5
3164,4.907563256236145,4.908541237676047,0.0009779814399024644,0.00019928045525642948
10000,-45.93702871007848,-45.92973495952366,0.007293750554822509,0.00015877715123578022
31624,24.46954538787901,24.480822421955963,0.011277034076954351,0.00046085997505047356
100000,-223.76328241182813,-223.7163039227852,0.04697848904294233,0.0002099472645225151
