n_atoms,energy_ewald,energy_fssog,error,error_rel
1000,-9.562614063504487,-9.56295158465186,0.00033752114737239935,3.529590811999217e-5
3164,4.907563256236145,4.9093487771739746,0.0017855209378296877,0.0003638304479439543
10000,-45.93702871007848,-45.93191332341105,0.005115386667426947,0.0001113564984734122
31624,24.46954538787901,24.475216615269915,0.005671227390905642,0.00023176676562674864
100000,-223.76328241182813,-223.74923808477138,0.014044327056751627,6.276421629757628e-5
