n_atoms,energy_ewald,energy_fssog,error,error_rel
1000,-9.562614063504487,-9.562613682704859,3.8079962827453073e-7,3.982170834728596e-8
3164,4.907563256236145,4.907519588572278,4.366766386709742e-5,8.898033828011893e-6
10000,-45.93702871007848,-45.93700349550049,2.5214577988208475e-5,5.488944038445493e-7
31624,24.46954538787901,24.469452632842376,9.275503663275231e-5,3.7906317899432053e-6
100000,-223.76328241182813,-223.76318237262058,0.00010003920755252693,4.470760639290607e-7
