n_atoms,energy_ewald,energy_fssog,error,error_rel
1000,-3.2035083271508613,-3.2035082576943914,6.945646990885734e-8,2.1681376421028564e-8
3164,-4.450208637646073,-4.450208277969395,3.596766777747007e-7,8.08224303759724e-8
10000,-12.317981930995163,-12.31798117816453,7.528306333881574e-7,6.111639370844057e-8
31624,-6.188544059138941,-6.188542468612582,1.5905263595072938e-6,2.570113978842054e-7
100000,-65.67375399603014,-65.6737501253399,3.8706902500962315e-6,5.893816044580317e-8
