n_atoms,energy_ewald,energy_fssog,error,error_rel
1000,-9.562614063504487,-9.563217012095437,0.0006029485909504473,6.305269531388784e-5
3164,4.907563256236145,4.878712560025356,0.02885069621078884,0.005878823094970329
10000,-45.93702871007848,-45.932089770488105,0.004938939590374503,0.00010751543425992005
31624,24.46954538787901,24.469337912949754,0.0002074749292546585,8.478904122077855e-6
100000,-223.76328241182813,-223.90418627189229,0.14090386006415656,0.0006297005413284391
