n_atoms,energy_ewald,energy_fssog,error,error_rel
1000,-9.562614063504487,-9.562577935719904,3.6127784582618006e-5,3.778023910898896e-6
3164,4.907563256236145,4.909588320649512,0.002025064413366806,0.0004126415305586767
10000,-45.93702871007848,-45.93008841993927,0.0069402901392123795,0.0001510826959012631
31624,24.46954538787901,24.484561128805467,0.015015740926457966,0.00061365017978209
100000,-223.76328241182813,-223.7234489696673,0.03983344216084106,0.00017801598962750764
