n_atoms,energy_ewald,energy_fssog,error,error_rel
1000,-9.562614063504487,-9.564260178093067,0.0016461145885795503,0.0001721406487439362
3164,4.907563256236145,4.882888716865821,0.0246745393703236,0.00502785966925014
10000,-45.93702871007848,-45.96638845004881,0.02935973997033159,0.0006391301482651212
31624,24.46954538787901,24.462015399087477,0.007529988791532105,0.0003077290024056632
100000,-223.76328241182813,-223.71414195812213,0.04914045370600206,0.00021960910287131406
