n_atoms,energy_ewald,energy_fssog,error,error_rel
1000,-9.562614063504487,-9.56279246967268,0.00017840616819242427,1.8656631649844326e-5
3164,4.907563256236145,4.905697928538089,0.0018653276980558076,0.000380092441128598
10000,-45.93702871007848,-45.931993978515834,0.005034731562645334,0.00010960072307725739
31624,24.46954538787901,24.477828746541718,0.008283358662708906,0.00033851706402408555
100000,-223.76328241182813,-223.9049004011033,0.14161798927517566,0.0006328919908072002