n_atoms,energy_ewald,energy_fssog,error,error_rel
1000,-9.562614064,-9.564160929,0.001546865,0.000161762
3164,4.907563256,4.898711822,0.008851434,0.001803631
10000,-45.93702871,-45.9317691,0.005259606,0.000114496
31624,24.46954539,24.49435857,0.024813183,0.001014043
100000,-223.7632824,-223.7123491,0.050933321,0.000227621
