n_atoms,energy_ewald,energy_fssog,error,error_rel
1000,-9.562614063504487,-9.562612962059786,1.1014447007795525e-6,1.1518238563900562e-7
3164,4.907563256236145,4.907551961310361,1.1294925784000043e-5,2.301534426407513e-6
10000,-45.93702871007848,-45.937011454373774,1.725570470512139e-5,3.7563824195132427e-7
31624,24.46954538787901,24.469537420243398,7.967635610839352e-6,3.2561437021163953e-7
100000,-223.76328241182813,-223.76329260333068,1.0191502553880127e-5,4.554591103612361e-8
