n_atoms,energy_ewald,energy_fssog,error,error_rel
1000,-9.562614064,-9.56279247,0.000178406,1.87E-05
3164,4.907563256,4.906553383,0.001009873,0.000205779
10000,-45.93702871,-45.93197321,0.005055499,0.000110053
31624,24.46954539,24.47287454,0.003329147,0.000136053
100000,-223.7632824,-223.7541518,0.009130634,4.08E-05
