n_atoms,energy_ewald,energy_fssog,error,error_rel
1000,-10.678361090503806,-10.67836090689373,1.8361007647627048e-7,1.7194593338818038e-8
3164,-14.834028792154413,-14.834025288850789,3.5033036240861293e-6,2.3616669976662008e-7
10000,-41.05993976998465,-41.059938323015075,1.4469695770458202e-6,3.5240421324328725e-8
31624,-20.628480196981968,-20.62849121018519,1.1013203220500145e-5,5.338834036892074e-7
100000,-218.91251331880585,-218.9124714712625,4.184754334346508e-5,1.911610383026475e-7
