n_atoms,energy_ewald,energy_fssog,error,error_rel
1000,-9.562614063504487,-9.562614063504203,2.8421709430404007e-13,2.972169455094382e-14
3164,4.907563256236145,4.907563256246235,1.0089706847793423e-11,2.0559504424058553e-12
10000,-45.93702871007848,-45.93702871006147,1.70103930940968e-11,3.7029807046193994e-13
31624,24.46954538787901,24.46954538802447,1.454623088648077e-10,5.9446265371510525e-12
100000,-223.76328241182813,-223.76328241197734,1.4921397450962104e-10,6.668385130094677e-13
