n_atoms,energy_ewald,energy_fssog,error,error_rel
1000,-9.562614063504487,-9.562614063504075,4.121147867408581e-13,4.3096457098868544e-14
3164,4.907563256236145,4.907563256250128,1.3983481039758772e-11,2.849373570883608e-12
10000,-45.93702871007848,-45.937028710085315,6.835421118012164e-12,1.487998094337453e-13
31624,24.46954538787901,24.469545388031634,1.5262457964126952e-10,6.237327961020155e-12
100000,-223.76328241182813,-223.76328241148212,3.460058906057384e-10,1.54630324902424e-12
