n_atoms,energy_ewald,energy_fssog,error,error_rel
1000,-3.2035083271508613,-3.2049829758231034,0.0014746486722421182,0.00046032303388879976
3164,-4.450208637646073,-4.452963329811613,0.0027546921655403622,0.0006190029254442888
10000,-12.317981930995163,-12.326823871641224,0.00884194064606092,0.0007178075674727494
31624,-6.188544059138941,-6.189488869696618,0.0009448105576765897,0.00015267089458324845
100000,-65.67375399603014,-65.70205528479164,0.02830128876149729,0.0004309375822068592
