n_atoms,energy_ewald,energy_fssog,error,error_rel
1000,-9.562614063504487,-9.562613065498542,9.980059445524603e-7,1.0436538983219334e-7
3164,4.907563256236145,4.907562822861969,4.333741756568088e-7,8.830740492363721e-8
10000,-45.93702871007848,-45.93702789985353,8.102249466901412e-7,1.763773081197086e-8
31624,24.46954538787901,24.469557629943267,1.2242064258316532e-5,5.002979852817633e-7
100000,-223.76328241182813,-223.7625880592277,0.000694352600419279,3.1030676388691355e-6
