n_atoms,energy_ewald,energy_fssog,error,error_rel
1000,-9.562614063504487,-9.56279246967272,0.00017840616823328048,1.865663165411682e-5
3164,4.907563256236145,4.906553383379283,0.0010098728568621596,0.00020577887724195764
10000,-45.93702871007848,-45.93197321072789,0.005055499350589798,0.00011005281561627501
31624,24.46954538787901,24.472874535085396,0.0033291472063865513,0.00013605267910026824
100000,-223.76328241182813,-223.75415177756986,0.009130634258269765,4.080488165822115e-5
