n_atoms,energy_ewald,energy_fssog,error,error_rel
1000,-9.562614063504487,-9.56261311457138,9.48933106315053e-7,9.923365096753575e-8
3164,4.907563256236145,4.90756263419491,6.220412345214754e-7,1.2675154695785825e-7
10000,-45.93702871007848,-45.93702697875483,1.73132364977846e-6,3.768906475656776e-8
31624,24.46954538787901,24.46955865442891,1.326654989952658e-5,5.421657692953367e-7
100000,-223.76328241182813,-223.76328449349376,2.0816656274291745e-6,9.30298128000261e-9