n_atoms,energy_exact,energy_fssog,error,error_rel
100000,-846.8852849739851,-846.8852850004405,2.6455381885170937e-8,3.1238447939243154e-11
