n_atoms,energy_ewald,energy_fssog,error,error_rel
1000,-10.678361090503218,-10.678451039757377,8.99492541588387e-5,8.423507446178693e-6
3164,-14.834028792153273,-14.844325703703348,0.010296911550074839,0.0006941412676454812
