n_atoms,energy_ewald,energy_fssog,error,error_rel
1000,-10.67836109,-10.67836091,1.84E-07,1.72E-08
3164,-14.83402879,-14.83402529,3.50E-06,2.36E-07
10000,-41.05993977,-41.05993832,1.45E-06,3.52E-08
31624,-20.6284802,-20.62849121,1.10E-05,5.34E-07
100000,-218.9125133,-218.9124715,4.18E-05,1.91E-07
