n_atoms,energy_ewald,energy_fssog,error,error_rel
1000,-9.562614063504487,-9.562614063504608,1.2079226507921703e-13,1.2631720184151125e-14
3164,4.907563256236145,4.907563256236088,5.684341886080802e-14,1.1582819393835805e-14
10000,-45.93702871007848,-45.93702871009478,1.6299850358336698e-11,3.5483031480354644e-13
31624,24.46954538787901,24.46954538805403,1.7502088667242788e-10,7.15260066740449e-12
100000,-223.76328241182813,-223.76328241203146,2.0332890926511027e-10,9.08678613727568e-13
