n_atoms,energy_ewald,energy_fssog,error,error_rel
1000,-3.2035083271508613,-3.2035082576858187,6.946504260696429e-8,2.168405245531082e-8
3164,-4.450208637646073,-4.450208277918236,3.597278368516754e-7,8.083392625878157e-8
10000,-12.317981930995163,-12.317981178167827,7.528273364698634e-7,6.111612605759383e-8
31624,-6.188544059138941,-6.188542468591095,1.5905478463196232e-6,2.5701486991448004e-7
100000,-65.67375399603014,-65.67375012513503,3.870895113777806e-6,5.89412798606243e-8
