n_atoms,energy_ewald,energy_fssog,error,error_rel
1000,-9.562614063504487,-9.563497249817662,0.0008831863131746331,9.235825134314423e-5
3164,4.907563256236145,4.908542351963092,0.000979095726947321,0.0001995075103113879
10000,-45.93702871007848,-45.92973494481352,0.007293765264961394,0.00015877747145977595
31624,24.46954538787901,24.48082242457241,0.011277036693400078,0.00046086008197709135
100000,-223.76328241182813,-223.71630392277484,0.04697848905328783,0.00020994726456874922
