n_atoms,energy_ewald,energy_fssog,error,error_rel
1000,-9.562614063504487,-9.562614063504203,3.588240815588506e-13,3.752363937056628e-14
3164,4.907563256236145,4.907563256246235,7.560174708487466e-12,1.5405149793793681e-12
10000,-45.93702871007848,-45.93702871006147,2.8762769943568856e-11,6.261347490516079e-13
31624,24.46954538787901,24.46954538802447,1.2164491636212915e-11,4.971278151395586e-13
100000,-223.76328241182813,-223.76328241197734,2.2737367544323206e-12,1.0161348769661406e-14
