n_atoms,energy_ewald,energy_fssog,error,error_rel
1000,-10.678361090503806,-10.678451039757384,8.994925357797001e-5,8.42350739178143e-6
3164,-14.834028792154413,-14.844325703703376,0.01029691154896284,0.000694141267570465
10000,-41.05993976998465,-41.0425170382299,0.017422731754749066,0.0004243243378424366
31624,-20.628480196981968,-20.60953177936642,0.01894841761554744,0.000918556162868444
100000,-218.91251331880585,-218.97745684428435,0.06494352547849758,0.000296664290651669
