n_atoms,energy_ewald,energy_fssog,error,error_rel
1000,-10.678361090503806,-10.678361090493883,9.922729304889799e-12,9.29237101160965e-13
3164,-14.834028792154413,-14.834028792167047,1.2633449841814581e-11,8.516533181124943e-13
10000,-41.05993976998465,-41.05993977001904,3.439026841078885e-11,8.375625634971969e-13
31624,-20.628480196981968,-20.62848019683213,1.4983925211708993e-10,7.263707781003277e-12
100000,-218.91251331880585,-218.91251331818466,6.2118488131091e-10,2.8375942146635917e-12
