n_atoms,energy_ewald,energy_fssog,error,error_rel
1000,-9.562614064,-9.562613065,9.98E-07,1.04E-07
3164,4.907563256,4.907562823,4.33E-07,8.83E-08
10000,-45.93702871,-45.9370279,8.15E-07,1.77E-08
31624,24.46954539,24.46955806,1.27E-05,5.18E-07
100000,-223.7632824,-223.7632833,8.63E-07,3.86E-09
