n_atoms,energy_ewald,energy_fssog,error,error_rel
1000,-9.562614064,-9.562612537,1.53E-06,1.60E-07
3164,4.907563256,4.90755858,4.68E-06,9.53E-07
10000,-45.93702871,-45.93703119,2.48E-06,5.39E-08
31624,24.46954539,24.46955017,4.78E-06,1.95E-07
100000,-223.7632824,-223.7632869,4.51E-06,2.01E-08