preset,n_atoms,t_short,t_mid,t_long,t_total
2,1000,0.005552804,0.301160434,0.085057312,0.39177055
