n_atoms,t_short,t_mid,t_long
1000,0.005551142,0.305618985,0.088438146
3164,0.018775203,0.991602376,0.326787612
10000,0.062929026,3.163604607,1.058938937
31624,0.207248653,10.341641413,3.012885235
100000,0.673956238,37.07077666,11.727888373
