preset,n_atoms,t_short,t_long,t_total
2,1000,0.002622685,0.002911322,0.0055340070000000005
2,3164,0.008515112,0.009531152,0.018046264
2,10000,0.027292574,0.02989453,0.057187104
2,31624,0.088075475,0.08583654,0.173912015
