preset,n_atoms,t_short,t_long,t_total
6,100000,22.044862734,13.218648168,35.263510902
