preset,n_atoms,t_short,t_mid,t_long,t_total
2,1000,0.006965317,0.013870208,0.000256203,0.021091728
2,3164,0.024350966,0.038275021,0.000829203,0.06345519
