preset,n_atoms,t_short,t_long,t_total
2,1000,0.002622803,0.0028818,0.005504603
2,3164,0.008514115,0.009549608,0.018063722999999997
2,10000,0.027223916,0.029630686,0.056854602000000004
2,31624,0.087694313,0.085442735,0.17313704800000002
