n_atoms,abs_error,relative_error
1000,4.077449478184869e-13,3.005365842684582e-11
3164,4.3071879541974643e-13,3.2072117342037044e-11
10000,4.301187158989257e-13,2.371115474607986e-10
31624,3.8733433641145046e-13,2.5524388408007383e-11
100000,3.9550688418622543e-13,2.4942213858021235e-11
316228,4.4137532393385175e-13,2.8453109598036694e-11
1000000,4.769952550453576e-13,2.1026564680315426e-11
