extra_pad_ratio,N_real,error
2,16,1.7411558171531377e9
2,32,470.79890757925745
2,64,2.070764199224584e-6
2,128,0.00017943941957820897
2,256,0.0006018656794042343
3,16,8.45209729707871e8
3,32,734.7489853947775
3,64,1.3531835429958505e-8
3,128,6.521545203574952e-5
3,256,0.00040510355871115067
4,16,2.3616450371686718e8
4,32,723.9108397801217
4,64,1.9084511748701516e-11
4,128,1.5450194594146538e-5
4,256,0.0002747637186517604
8,16,1.4307742224865324e9
8,32,144.4107876550043
8,64,1.6764367671839864e-13
8,128,7.498386356274978e-10
8,256,3.5116363193976596e-5
