preset,n_atoms,t_short,t_mid,t_long,t_total
6,100000,7.919366027,5.823884661,2.519552981,16.262803669
