preset,n_atoms,t_short,t_mid,t_long,t_total
2,1000,0.006965317,0.013870208,0.000256203,0.021091728
2,3164,0.024350966,0.038275021,0.000829203,0.06345519
2,10000,0.081718479,0.111061888,0.002643059,0.195423426
2,31624,0.268509685,0.331602955,0.008415863,0.6085285029999999
2,100000,0.888948108,1.048440975,0.026690953,1.9640800360000001
4,1000,0.010796294,0.034575949,0.002297056,0.047669299
4,3164,0.038032705,0.139232142,0.007280269,0.184545116
4,10000,0.12654217,0.399670048,0.022981494,0.549193712
