preset,n_atoms,t_short,t_mid,t_long,t_total
2,1000,0.003962627,0.045224646,0.006232992,0.055420265
2,3164,0.013451366,0.141793757,0.021874718,0.177119841
2,10000,0.04532129,0.445885706,0.068319584,0.55952658
2,31624,0.14981485,1.446839064,0.355475396,1.9521293100000001
