preset,n_atoms,t_short,t_long,t_total
6,100000,2.196824806,6.106959121,8.303783927