preset,n_atoms,t_short,t_long,t_total
6,100000,2.194940542,26.783588477,28.978529019
