preset,n_atoms,t_short,t_mid,t_long,t_total
6,100000,4.147928871,3.423512552,1.404825254,8.976266677
