n_atoms,t_short,t_mid,t_long
100,5.249528795811519e-7,0.037056231,0.003908577
284,1.2634e-6,0.105182273,0.011125233
800,3.739875e-6,0.328711258,0.032433774
2264,1.0995e-5,0.986679306,0.09180064
6400,3.3456e-5,3.088480145,0.261240682
