preset,n_atoms,t_short,t_mid,t_long,t_total
2,1000,0.003586512,0.007440852,0.000285863,0.011313227000000002
2,3164,0.01218331,0.021813012,0.000926838,0.034923159999999995
2,10000,0.041031982,0.061398449,0.002967592,0.10539802300000001
2,31624,0.135929515,0.192472197,0.009422846,0.337824558
2,100000,0.445626864,0.617297415,0.029923351,1.09284763
4,1000,0.005561404,0.019232562,0.002227808,0.027021774000000002
4,3164,0.018797128,0.059521706,0.007090638,0.085409472
