n_atoms,t_short,t_mid,t_long
1000,0.010664596,0.524955647,0.139807296
3164,0.036563823,1.554689922,0.473155233
10000,0.123674044,4.984944328,1.448789389
31624,0.408156964,20.157951893,4.448809787
100000,1.355496012,82.353447328,13.650918779
